{"cameraMode":{"drawMode":0,"name":"Shaded","section":"Shading Mode"},"sceneLighting":true,"audioPlay":false,"sceneViewState":{"m_AlwaysRefresh":false,"showFog":true,"showSkybox":true,"showFlares":true,"showImageEffects":true,"showParticleSystems":true,"showVisualEffectGraphs":true,"m_FxEnabled":true},"in2DMode":false,"pivot":{"x":53.248321533203128,"y":45.61984634399414,"z":97.13578033447266},"rotation":{"x":0.21701164543628694,"y":0.23169834911823274,"z":-0.053118690848350528,"w":0.9468305706977844},"size":65.19868469238281,"orthographic":false}